Start Date,Course Code,Course Name,Employee ID,Cost,Supplier
18-09-2015,1,Communication Workshop,1,1300,Communication Experts
18-09-2015,1,Communication Workshop,4,1300,Communication Experts
18-09-2015,1,Communication Workshop,25,1300,Communication Experts
18-09-2015,1,Communication Workshop,33,1300,Communication Experts
18-09-2015,1,Communication Workshop,44,1300,Communication Experts
18-09-2015,1,Communication Workshop,23,1300,Communication Experts
18-09-2015,1,Communication Workshop,6,1300,Communication Experts
22-01-2017,2,Communication Workshop,2,1300,Communication Experts
22-01-2017,2,Communication Workshop,5,1300,Communication Experts
22-01-2017,2,Communication Workshop,15,1300,Communication Experts
22-01-2017,2,Communication Workshop,18,1300,Communication Experts
22-01-2017,2,Communication Workshop,26,1300,Communication Experts
22-01-2017,2,Communication Workshop,12,1300,Communication Experts
22-01-2017,2,Communication Workshop,17,1300,Communication Experts
22-01-2017,2,Communication Workshop,19,1300,Communication Experts
22-01-2017,2,Communication Workshop,24,1300,Communication Experts
22-01-2017,2,Communication Workshop,39,1300,Communication Experts
16-01-2018,3,Communication Workshop,41,1300,Communication Experts
16-01-2018,3,Communication Workshop,4,1300,Communication Experts
16-01-2018,3,Communication Workshop,7,1300,Communication Experts
16-01-2018,3,Communication Workshop,11,1300,Communication Experts
16-01-2018,3,Communication Workshop,14,1300,Communication Experts
16-01-2018,3,Communication Workshop,12,1300,Communication Experts
16-01-2018,3,Communication Workshop,37,1300,Communication Experts
16-01-2018,3,Communication Workshop,38,1300,Communication Experts
04-09-2015,4,Communication Workshop,44,1300,Communication Experts
04-09-2015,4,Communication Workshop,33,1300,Communication Experts
04-09-2015,4,Communication Workshop,38,1300,Communication Experts
04-09-2015,4,Communication Workshop,10,1300,Communication Experts
04-09-2015,4,Communication Workshop,8,1300,Communication Experts
08-09-2016,5,Advanced Excel,21,2300,Excel Experts
08-09-2016,5,Advanced Excel,12,2300,Excel Experts
08-09-2016,5,Advanced Excel,7,2300,Excel Experts
08-09-2016,5,Advanced Excel,5,2300,Excel Experts
08-09-2016,5,Advanced Excel,44,2300,Excel Experts
08-09-2016,5,Advanced Excel,41,2300,Excel Experts
08-09-2016,5,Advanced Excel,49,2300,Excel Experts
08-09-2016,5,Advanced Excel,30,2300,Excel Experts
08-09-2016,5,Advanced Excel,28,2300,Excel Experts
08-09-2016,5,Advanced Excel,27,2300,Excel Experts
08-09-2016,5,Advanced Excel,21,2300,Excel Experts
08-09-2016,5,Advanced Excel,39,2300,Excel Experts
12-08-2015,6,Instituting Disciplinary Action,12,1350,Discipline Trainers
12-08-2015,6,Instituting Disciplinary Action,43,1350,Discipline Trainers
12-08-2015,6,Instituting Disciplinary Action,28,1350,Discipline Trainers
12-08-2015,6,Instituting Disciplinary Action,14,1350,Discipline Trainers
12-08-2015,6,Instituting Disciplinary Action,12,1350,Discipline Trainers
12-08-2015,6,Instituting Disciplinary Action,3,1350,Discipline Trainers
12-08-2015,6,Instituting Disciplinary Action,8,1350,Discipline Trainers
12-08-2015,6,Instituting Disciplinary Action,16,1350,Discipline Trainers
12-08-2015,6,Instituting Disciplinary Action,34,1350,Discipline Trainers
12-08-2015,6,Instituting Disciplinary Action,25,1350,Discipline Trainers
12-08-2015,6,Instituting Disciplinary Action,28,1350,Discipline Trainers
12-08-2015,6,Instituting Disciplinary Action,11,1350,Discipline Trainers
12-08-2015,6,Instituting Disciplinary Action,9,1350,Discipline Trainers
18-08-2017,7,Instituting Disciplinary Action,20,1350,Discipline Trainers
18-08-2017,7,Instituting Disciplinary Action,5,1350,Discipline Trainers
18-08-2017,7,Instituting Disciplinary Action,8,1350,Discipline Trainers
18-08-2017,7,Instituting Disciplinary Action,10,1350,Discipline Trainers
18-08-2017,7,Instituting Disciplinary Action,12,1350,Discipline Trainers
18-08-2017,7,Instituting Disciplinary Action,15,1350,Discipline Trainers
18-08-2017,7,Instituting Disciplinary Action,18,1350,Discipline Trainers
18-08-2017,7,Instituting Disciplinary Action,31,1350,Discipline Trainers
18-08-2017,7,Instituting Disciplinary Action,33,1350,Discipline Trainers
18-08-2017,7,Instituting Disciplinary Action,32,1350,Discipline Trainers
20-11-2016,8,Communication Workshop,8,1300,Communication Experts
20-11-2016,8,Communication Workshop,12,1300,Communication Experts
20-11-2016,8,Communication Workshop,14,1300,Communication Experts
20-11-2016,8,Communication Workshop,32,1300,Communication Experts
20-11-2016,8,Communication Workshop,42,1300,Communication Experts
20-11-2016,8,Communication Workshop,28,1300,Communication Experts
20-11-2016,8,Communication Workshop,48,1300,Communication Experts
20-11-2016,8,Communication Workshop,19,1300,Communication Experts
20-11-2016,8,Communication Workshop,17,1300,Communication Experts
20-11-2016,8,Communication Workshop,20,1300,Communication Experts
20-11-2016,8,Communication Workshop,11,1300,Communication Experts
20-10-2017,9,Introduction To Excel,6,2400,Excel Experts
20-10-2017,9,Introduction To Excel,4,2400,Excel Experts
20-10-2017,9,Introduction To Excel,28,2400,Excel Experts
20-10-2017,9,Introduction To Excel,38,2400,Excel Experts
20-10-2017,9,Introduction To Excel,44,2400,Excel Experts
20-10-2017,9,Introduction To Excel,50,2400,Excel Experts
20-10-2017,9,Introduction To Excel,49,2400,Excel Experts
20-10-2017,9,Introduction To Excel,46,2400,Excel Experts
04-08-2016,10,Introduction To Excel,15,2400,Excel Experts
04-08-2016,10,Introduction To Excel,16,2400,Excel Experts
04-08-2016,10,Introduction To Excel,19,2400,Excel Experts
04-08-2016,10,Introduction To Excel,21,2400,Excel Experts
04-08-2016,10,Introduction To Excel,17,2400,Excel Experts
04-08-2016,10,Introduction To Excel,9,2400,Excel Experts
04-08-2016,10,Introduction To Excel,33,2400,Excel Experts
04-08-2016,10,Introduction To Excel,12,2400,Excel Experts
04-08-2016,10,Introduction To Excel,14,2400,Excel Experts
17-02-2017,11,Business Data Analysis,3,3300,Excel Experts
17-02-2017,11,Business Data Analysis,7,3300,Excel Experts
17-02-2017,11,Business Data Analysis,16,3300,Excel Experts
17-02-2017,11,Business Data Analysis,14,3300,Excel Experts
17-02-2017,11,Business Data Analysis,38,3300,Excel Experts
17-02-2017,11,Business Data Analysis,36,3300,Excel Experts
17-02-2017,11,Business Data Analysis,32,3300,Excel Experts
22-11-2017,12,Advanced Excel,48,2300,Excel Experts
22-11-2017,12,Advanced Excel,24,2300,Excel Experts
22-11-2017,12,Advanced Excel,11,2300,Excel Experts
22-11-2017,12,Advanced Excel,9,2300,Excel Experts
22-11-2017,12,Advanced Excel,6,2300,Excel Experts
22-11-2017,12,Advanced Excel,10,2300,Excel Experts
21-01-2018,13,Business Data Analysis,2,3300,Excel Experts
21-01-2018,13,Business Data Analysis,28,3300,Excel Experts
21-01-2018,13,Business Data Analysis,37,3300,Excel Experts
21-01-2018,13,Business Data Analysis,31,3300,Excel Experts
21-01-2018,13,Business Data Analysis,15,3300,Excel Experts
21-01-2018,13,Business Data Analysis,12,3300,Excel Experts
21-01-2018,13,Business Data Analysis,6,3300,Excel Experts
28-10-2017,14,Instituting Disciplinary Action,13,1350,Legal Trainers
28-10-2017,14,Instituting Disciplinary Action,27,1350,Legal Trainers
28-10-2017,14,Instituting Disciplinary Action,4,1350,Legal Trainers
28-10-2017,14,Instituting Disciplinary Action,49,1350,Legal Trainers
28-10-2017,14,Instituting Disciplinary Action,32,1350,Legal Trainers
15-12-2016,15,Conflict Management,30,1400,Communication Experts
15-12-2016,15,Conflict Management,20,1400,Communication Experts
15-12-2016,15,Conflict Management,10,1400,Communication Experts
15-12-2016,15,Conflict Management,7,1400,Communication Experts
15-12-2016,15,Conflict Management,3,1400,Communication Experts
24-12-2017,16,Computer Literacy,1,2200,Computer Trainers
24-12-2017,16,Computer Literacy,14,2200,Computer Trainers
24-12-2017,16,Computer Literacy,26,2200,Computer Trainers
24-12-2017,16,Computer Literacy,34,2200,Computer Trainers
24-12-2017,16,Computer Literacy,38,2200,Computer Trainers
24-12-2017,16,Computer Literacy,42,2200,Computer Trainers
27-03-2018,12,Advanced Excel,3,2400,Excel Experts
27-03-2018,12,Advanced Excel,8,2400,Excel Experts
27-03-2018,12,Advanced Excel,14,2400,Excel Experts
27-03-2018,12,Advanced Excel,22,2400,Excel Experts
27-03-2018,12,Advanced Excel,49,2400,Excel Experts
27-03-2018,12,Advanced Excel,18,2400,Excel Experts
27-03-2018,12,Advanced Excel,21,2400,Excel Experts
27-03-2018,12,Advanced Excel,33,2400,Excel Experts
27-03-2018,12,Advanced Excel,41,2400,Excel Experts
27-03-2018,12,Advanced Excel,7,2400,Excel Experts
27-03-2018,12,Advanced Excel,10,2400,Excel Experts
25-06-2016,16,Computer Literacy,1,1800,Computer Trainers
25-06-2016,16,Computer Literacy,16,1800,Computer Trainers
25-06-2016,16,Computer Literacy,20,1800,Computer Trainers
25-06-2016,16,Computer Literacy,30,1800,Computer Trainers
25-06-2016,16,Computer Literacy,31,1800,Computer Trainers
25-06-2016,16,Computer Literacy,41,1800,Computer Trainers
25-06-2016,16,Computer Literacy,44,1800,Computer Trainers
25-06-2016,16,Computer Literacy,47,1800,Computer Trainers
25-06-2016,16,Computer Literacy,21,1800,Computer Trainers
25-06-2016,16,Computer Literacy,29,1800,Computer Trainers
25-06-2016,16,Computer Literacy,33,1800,Computer Trainers
25-06-2016,16,Computer Literacy,6,1800,Computer Trainers
17-09-2016,1,Communication Workshop,1,1300,Communication Experts
17-09-2016,1,Communication Workshop,4,1300,Communication Experts
17-09-2016,1,Communication Workshop,25,1300,Communication Experts
17-09-2016,1,Communication Workshop,33,1300,Communication Experts
17-09-2016,1,Communication Workshop,44,1300,Communication Experts
17-09-2016,1,Communication Workshop,23,1300,Communication Experts
17-09-2016,1,Communication Workshop,6,1300,Communication Experts
22-01-2018,2,Communication Workshop,2,1300,Communication Experts
22-01-2018,2,Communication Workshop,5,1300,Communication Experts
22-01-2018,2,Communication Workshop,15,1300,Communication Experts
22-01-2018,2,Communication Workshop,18,1300,Communication Experts
22-01-2018,2,Communication Workshop,26,1300,Communication Experts
22-01-2018,2,Communication Workshop,12,1300,Communication Experts
22-01-2018,2,Communication Workshop,17,1300,Communication Experts
22-01-2018,2,Communication Workshop,19,1300,Communication Experts
22-01-2018,2,Communication Workshop,24,1300,Communication Experts
22-01-2018,2,Communication Workshop,39,1300,Communication Experts
16-01-2019,3,Communication Workshop,41,1300,Communication Experts
16-01-2019,3,Communication Workshop,4,1300,Communication Experts
16-01-2019,3,Communication Workshop,7,1300,Communication Experts
16-01-2019,3,Communication Workshop,11,1300,Communication Experts
16-01-2019,3,Communication Workshop,14,1300,Communication Experts
16-01-2019,3,Communication Workshop,12,1300,Communication Experts
16-01-2019,3,Communication Workshop,37,1300,Communication Experts
16-01-2019,3,Communication Workshop,38,1300,Communication Experts
03-09-2016,4,Communication Workshop,44,1300,Communication Experts
03-09-2016,4,Communication Workshop,33,1300,Communication Experts
03-09-2016,4,Communication Workshop,38,1300,Communication Experts
03-09-2016,4,Communication Workshop,10,1300,Communication Experts
03-09-2016,4,Communication Workshop,8,1300,Communication Experts
08-09-2017,5,Advanced Excel,21,2300,Excel Experts
08-09-2017,5,Advanced Excel,12,2300,Excel Experts
08-09-2017,5,Advanced Excel,7,2300,Excel Experts
08-09-2017,5,Advanced Excel,5,2300,Excel Experts
08-09-2017,5,Advanced Excel,44,2300,Excel Experts
08-09-2017,5,Advanced Excel,41,2300,Excel Experts
08-09-2017,5,Advanced Excel,49,2300,Excel Experts
08-09-2017,5,Advanced Excel,30,2300,Excel Experts
08-09-2017,5,Advanced Excel,28,2300,Excel Experts
08-09-2017,5,Advanced Excel,27,2300,Excel Experts
08-09-2017,5,Advanced Excel,21,2300,Excel Experts
08-09-2017,5,Advanced Excel,39,2300,Excel Experts
11-08-2016,6,Instituting Disciplinary Action,12,1350,Discipline Trainers
11-08-2016,6,Instituting Disciplinary Action,43,1350,Discipline Trainers
11-08-2016,6,Instituting Disciplinary Action,28,1350,Discipline Trainers
11-08-2016,6,Instituting Disciplinary Action,14,1350,Discipline Trainers
11-08-2016,6,Instituting Disciplinary Action,12,1350,Discipline Trainers
11-08-2016,6,Instituting Disciplinary Action,3,1350,Discipline Trainers
11-08-2016,6,Instituting Disciplinary Action,8,1350,Discipline Trainers
11-08-2016,6,Instituting Disciplinary Action,16,1350,Discipline Trainers
11-08-2016,6,Instituting Disciplinary Action,34,1350,Discipline Trainers
11-08-2016,6,Instituting Disciplinary Action,25,1350,Discipline Trainers
11-08-2016,6,Instituting Disciplinary Action,28,1350,Discipline Trainers
11-08-2016,6,Instituting Disciplinary Action,11,1350,Discipline Trainers
11-08-2016,6,Instituting Disciplinary Action,9,1350,Discipline Trainers
18-08-2018,7,Instituting Disciplinary Action,20,1350,Discipline Trainers
18-08-2018,7,Instituting Disciplinary Action,5,1350,Discipline Trainers
18-08-2018,7,Instituting Disciplinary Action,8,1350,Discipline Trainers
18-08-2018,7,Instituting Disciplinary Action,10,1350,Discipline Trainers
18-08-2018,7,Instituting Disciplinary Action,12,1350,Discipline Trainers
18-08-2018,7,Instituting Disciplinary Action,15,1350,Discipline Trainers
18-08-2018,7,Instituting Disciplinary Action,18,1350,Discipline Trainers
18-08-2018,7,Instituting Disciplinary Action,31,1350,Discipline Trainers
18-08-2018,7,Instituting Disciplinary Action,33,1350,Discipline Trainers
18-08-2018,7,Instituting Disciplinary Action,32,1350,Discipline Trainers
20-11-2017,8,Communication Workshop,8,1300,Communication Experts
20-11-2017,8,Communication Workshop,12,1300,Communication Experts
20-11-2017,8,Communication Workshop,14,1300,Communication Experts
20-11-2017,8,Communication Workshop,32,1300,Communication Experts
20-11-2017,8,Communication Workshop,42,1300,Communication Experts
20-11-2017,8,Communication Workshop,28,1300,Communication Experts
20-11-2017,8,Communication Workshop,48,1300,Communication Experts
20-11-2017,8,Communication Workshop,19,1300,Communication Experts
20-11-2017,8,Communication Workshop,17,1300,Communication Experts
20-11-2017,8,Communication Workshop,20,1300,Communication Experts
20-11-2017,8,Communication Workshop,11,1300,Communication Experts
20-10-2018,9,Introduction To Excel,6,2400,Excel Experts
20-10-2018,9,Introduction To Excel,4,2400,Excel Experts
20-10-2018,9,Introduction To Excel,28,2400,Excel Experts
20-10-2018,9,Introduction To Excel,38,2400,Excel Experts
20-10-2018,9,Introduction To Excel,44,2400,Excel Experts
20-10-2018,9,Introduction To Excel,50,2400,Excel Experts
20-10-2018,9,Introduction To Excel,49,2400,Excel Experts
20-10-2018,9,Introduction To Excel,46,2400,Excel Experts
04-08-2017,10,Introduction To Excel,15,2400,Excel Experts
04-08-2017,10,Introduction To Excel,16,2400,Excel Experts
04-08-2017,10,Introduction To Excel,19,2400,Excel Experts
04-08-2017,10,Introduction To Excel,21,2400,Excel Experts
04-08-2017,10,Introduction To Excel,17,2400,Excel Experts
04-08-2017,10,Introduction To Excel,9,2400,Excel Experts
04-08-2017,10,Introduction To Excel,33,2400,Excel Experts
04-08-2017,10,Introduction To Excel,12,2400,Excel Experts
04-08-2017,10,Introduction To Excel,14,2400,Excel Experts
17-02-2018,11,Business Data Analysis,3,3300,Excel Experts
17-02-2018,11,Business Data Analysis,7,3300,Excel Experts
17-02-2018,11,Business Data Analysis,16,3300,Excel Experts
17-02-2018,11,Business Data Analysis,14,3300,Excel Experts
17-02-2018,11,Business Data Analysis,38,3300,Excel Experts
17-02-2018,11,Business Data Analysis,36,3300,Excel Experts
17-02-2018,11,Business Data Analysis,32,3300,Excel Experts
22-11-2018,12,Advanced Excel,48,2300,Excel Experts
22-11-2018,12,Advanced Excel,24,2300,Excel Experts
22-11-2018,12,Advanced Excel,11,2300,Excel Experts
22-11-2018,12,Advanced Excel,9,2300,Excel Experts
22-11-2018,12,Advanced Excel,6,2300,Excel Experts
22-11-2018,12,Advanced Excel,10,2300,Excel Experts
21-01-2019,13,Business Data Analysis,2,3300,Excel Experts
21-01-2019,13,Business Data Analysis,28,3300,Excel Experts
21-01-2019,13,Business Data Analysis,37,3300,Excel Experts
21-01-2019,13,Business Data Analysis,31,3300,Excel Experts
21-01-2019,13,Business Data Analysis,15,3300,Excel Experts
21-01-2019,13,Business Data Analysis,12,3300,Excel Experts
21-01-2019,13,Business Data Analysis,6,3300,Excel Experts
28-10-2018,14,Instituting Disciplinary Action,13,1350,Legal Trainers
28-10-2018,14,Instituting Disciplinary Action,27,1350,Legal Trainers
28-10-2018,14,Instituting Disciplinary Action,4,1350,Legal Trainers
28-10-2018,14,Instituting Disciplinary Action,49,1350,Legal Trainers
28-10-2018,14,Instituting Disciplinary Action,32,1350,Legal Trainers
15-12-2017,15,Conflict Management,30,1400,Communication Experts
15-12-2017,15,Conflict Management,20,1400,Communication Experts
15-12-2017,15,Conflict Management,10,1400,Communication Experts
15-12-2017,15,Conflict Management,7,1400,Communication Experts
15-12-2017,15,Conflict Management,3,1400,Communication Experts
24-12-2018,16,Computer Literacy,1,2200,Computer Trainers
24-12-2018,16,Computer Literacy,14,2200,Computer Trainers
24-12-2018,16,Computer Literacy,26,2200,Computer Trainers
24-12-2018,16,Computer Literacy,34,2200,Computer Trainers
24-12-2018,16,Computer Literacy,38,2200,Computer Trainers
24-12-2018,16,Computer Literacy,42,2200,Computer Trainers
27-03-2019,12,Advanced Excel,3,2400,Excel Experts
27-03-2019,12,Advanced Excel,8,2400,Excel Experts
27-03-2019,12,Advanced Excel,14,2400,Excel Experts
27-03-2019,12,Advanced Excel,22,2400,Excel Experts
27-03-2019,12,Advanced Excel,49,2400,Excel Experts
27-03-2019,12,Advanced Excel,18,2400,Excel Experts
27-03-2019,12,Advanced Excel,21,2400,Excel Experts
27-03-2019,12,Advanced Excel,33,2400,Excel Experts
27-03-2019,12,Advanced Excel,41,2400,Excel Experts
27-03-2019,12,Advanced Excel,7,2400,Excel Experts
27-03-2019,12,Advanced Excel,10,2400,Excel Experts
25-06-2017,16,Computer Literacy,1,1800,Computer Trainers
25-06-2017,16,Computer Literacy,16,1800,Computer Trainers
25-06-2017,16,Computer Literacy,20,1800,Computer Trainers
25-06-2017,16,Computer Literacy,30,1800,Computer Trainers
25-06-2017,16,Computer Literacy,31,1800,Computer Trainers
25-06-2017,16,Computer Literacy,41,1800,Computer Trainers
25-06-2017,16,Computer Literacy,44,1800,Computer Trainers
25-06-2017,16,Computer Literacy,47,1800,Computer Trainers
25-06-2017,16,Computer Literacy,21,1800,Computer Trainers
25-06-2017,16,Computer Literacy,29,1800,Computer Trainers
25-06-2017,16,Computer Literacy,33,1800,Computer Trainers
25-06-2017,16,Computer Literacy,6,1800,Computer Trainers
17-09-2017,1,Communication Workshop,1,1300,Communication Experts
17-09-2017,1,Communication Workshop,4,1300,Communication Experts
17-09-2017,1,Communication Workshop,25,1300,Communication Experts
17-09-2017,1,Communication Workshop,33,1300,Communication Experts
17-09-2017,1,Communication Workshop,44,1300,Communication Experts
17-09-2017,1,Communication Workshop,23,1300,Communication Experts
17-09-2017,1,Communication Workshop,6,1300,Communication Experts
22-01-2019,2,Communication Workshop,2,1300,Communication Experts
22-01-2019,2,Communication Workshop,5,1300,Communication Experts
22-01-2019,2,Communication Workshop,15,1300,Communication Experts
22-01-2019,2,Communication Workshop,18,1300,Communication Experts
22-01-2019,2,Communication Workshop,26,1300,Communication Experts
22-01-2019,2,Communication Workshop,12,1300,Communication Experts
22-01-2019,2,Communication Workshop,17,1300,Communication Experts
22-01-2019,2,Communication Workshop,19,1300,Communication Experts
22-01-2019,2,Communication Workshop,24,1300,Communication Experts
22-01-2019,2,Communication Workshop,39,1300,Communication Experts
16-01-2020,3,Communication Workshop,41,1300,Communication Experts
16-01-2020,3,Communication Workshop,4,1300,Communication Experts
16-01-2020,3,Communication Workshop,7,1300,Communication Experts
16-01-2020,3,Communication Workshop,11,1300,Communication Experts
16-01-2020,3,Communication Workshop,14,1300,Communication Experts
16-01-2020,3,Communication Workshop,12,1300,Communication Experts
16-01-2020,3,Communication Workshop,37,1300,Communication Experts
16-01-2020,3,Communication Workshop,38,1300,Communication Experts
03-09-2017,4,Communication Workshop,44,1300,Communication Experts
03-09-2017,4,Communication Workshop,33,1300,Communication Experts
03-09-2017,4,Communication Workshop,38,1300,Communication Experts
03-09-2017,4,Communication Workshop,10,1300,Communication Experts
03-09-2017,4,Communication Workshop,8,1300,Communication Experts
08-09-2018,5,Advanced Excel,21,2300,Excel Experts
08-09-2018,5,Advanced Excel,12,2300,Excel Experts
08-09-2018,5,Advanced Excel,7,2300,Excel Experts
08-09-2018,5,Advanced Excel,5,2300,Excel Experts
08-09-2018,5,Advanced Excel,44,2300,Excel Experts
08-09-2018,5,Advanced Excel,41,2300,Excel Experts
08-09-2018,5,Advanced Excel,49,2300,Excel Experts
08-09-2018,5,Advanced Excel,30,2300,Excel Experts
08-09-2018,5,Advanced Excel,28,2300,Excel Experts
08-09-2018,5,Advanced Excel,27,2300,Excel Experts
08-09-2018,5,Advanced Excel,21,2300,Excel Experts
08-09-2018,5,Advanced Excel,39,2300,Excel Experts
11-08-2017,6,Instituting Disciplinary Action,12,1350,Discipline Trainers
11-08-2017,6,Instituting Disciplinary Action,43,1350,Discipline Trainers
11-08-2017,6,Instituting Disciplinary Action,28,1350,Discipline Trainers
11-08-2017,6,Instituting Disciplinary Action,14,1350,Discipline Trainers
11-08-2017,6,Instituting Disciplinary Action,12,1350,Discipline Trainers
11-08-2017,6,Instituting Disciplinary Action,3,1350,Discipline Trainers
11-08-2017,6,Instituting Disciplinary Action,8,1350,Discipline Trainers
11-08-2017,6,Instituting Disciplinary Action,16,1350,Discipline Trainers
11-08-2017,6,Instituting Disciplinary Action,34,1350,Discipline Trainers
11-08-2017,6,Instituting Disciplinary Action,25,1350,Discipline Trainers
11-08-2017,6,Instituting Disciplinary Action,28,1350,Discipline Trainers
11-08-2017,6,Instituting Disciplinary Action,11,1350,Discipline Trainers
11-08-2017,6,Instituting Disciplinary Action,9,1350,Discipline Trainers
18-08-2019,7,Instituting Disciplinary Action,20,1350,Discipline Trainers
18-08-2019,7,Instituting Disciplinary Action,5,1350,Discipline Trainers
18-08-2019,7,Instituting Disciplinary Action,8,1350,Discipline Trainers
18-08-2019,7,Instituting Disciplinary Action,10,1350,Discipline Trainers
18-08-2019,7,Instituting Disciplinary Action,12,1350,Discipline Trainers
18-08-2019,7,Instituting Disciplinary Action,15,1350,Discipline Trainers
18-08-2019,7,Instituting Disciplinary Action,18,1350,Discipline Trainers
18-08-2019,7,Instituting Disciplinary Action,31,1350,Discipline Trainers
18-08-2019,7,Instituting Disciplinary Action,33,1350,Discipline Trainers
18-08-2019,7,Instituting Disciplinary Action,32,1350,Discipline Trainers
20-11-2018,8,Communication Workshop,8,1300,Communication Experts
20-11-2018,8,Communication Workshop,12,1300,Communication Experts
20-11-2018,8,Communication Workshop,14,1300,Communication Experts
20-11-2018,8,Communication Workshop,32,1300,Communication Experts
20-11-2018,8,Communication Workshop,42,1300,Communication Experts
20-11-2018,8,Communication Workshop,28,1300,Communication Experts
20-11-2018,8,Communication Workshop,48,1300,Communication Experts
20-11-2018,8,Communication Workshop,19,1300,Communication Experts
20-11-2018,8,Communication Workshop,17,1300,Communication Experts
20-11-2018,8,Communication Workshop,20,1300,Communication Experts
20-11-2018,8,Communication Workshop,11,1300,Communication Experts
20-10-2019,9,Introduction To Excel,6,2400,Excel Experts
20-10-2019,9,Introduction To Excel,4,2400,Excel Experts
20-10-2019,9,Introduction To Excel,28,2400,Excel Experts
20-10-2019,9,Introduction To Excel,38,2400,Excel Experts
20-10-2019,9,Introduction To Excel,44,2400,Excel Experts
20-10-2019,9,Introduction To Excel,50,2400,Excel Experts
20-10-2019,9,Introduction To Excel,49,2400,Excel Experts
20-10-2019,9,Introduction To Excel,46,2400,Excel Experts
04-08-2018,10,Introduction To Excel,15,2400,Excel Experts
04-08-2018,10,Introduction To Excel,16,2400,Excel Experts
04-08-2018,10,Introduction To Excel,19,2400,Excel Experts
04-08-2018,10,Introduction To Excel,21,2400,Excel Experts
04-08-2018,10,Introduction To Excel,17,2400,Excel Experts
04-08-2018,10,Introduction To Excel,9,2400,Excel Experts
04-08-2018,10,Introduction To Excel,33,2400,Excel Experts
04-08-2018,10,Introduction To Excel,12,2400,Excel Experts
04-08-2018,10,Introduction To Excel,14,2400,Excel Experts
17-02-2019,11,Business Data Analysis,3,3300,Excel Experts
17-02-2019,11,Business Data Analysis,7,3300,Excel Experts
17-02-2019,11,Business Data Analysis,16,3300,Excel Experts
17-02-2019,11,Business Data Analysis,14,3300,Excel Experts
17-02-2019,11,Business Data Analysis,38,3300,Excel Experts
17-02-2019,11,Business Data Analysis,36,3300,Excel Experts
17-02-2019,11,Business Data Analysis,32,3300,Excel Experts
22-11-2019,12,Advanced Excel,48,2300,Excel Experts
22-11-2019,12,Advanced Excel,24,2300,Excel Experts
22-11-2019,12,Advanced Excel,11,2300,Excel Experts
22-11-2019,12,Advanced Excel,9,2300,Excel Experts
22-11-2019,12,Advanced Excel,6,2300,Excel Experts
22-11-2019,12,Advanced Excel,10,2300,Excel Experts
21-01-2020,13,Business Data Analysis,2,3300,Excel Experts
21-01-2020,13,Business Data Analysis,28,3300,Excel Experts
21-01-2020,13,Business Data Analysis,37,3300,Excel Experts
21-01-2020,13,Business Data Analysis,31,3300,Excel Experts
21-01-2020,13,Business Data Analysis,15,3300,Excel Experts
21-01-2020,13,Business Data Analysis,12,3300,Excel Experts
21-01-2020,13,Business Data Analysis,6,3300,Excel Experts
28-10-2019,14,Instituting Disciplinary Action,13,1350,Legal Trainers
28-10-2019,14,Instituting Disciplinary Action,27,1350,Legal Trainers
